{"Name":"guides","Keyframes":[{"value":[{"Start":{"x":-3.40217972,"y":4.20564365,"z":-2.61954761},"End":{"x":-2.1416688,"y":2.66226864,"z":5.66085672}},{"Start":{"x":3.80961752,"y":3.2541008,"z":1.76957512},"End":{"x":-1.61895442,"y":2.86934757,"z":2.90449953}}],"time":1.2833333},{"value":[{"Start":{"x":1.02815247,"y":1.90197754,"z":2.45237732},"End":{"x":2.10354042,"y":3.72054529,"z":-0.147914886}},{"Start":{"x":1.75279021,"y":1.9335537,"z":1.24163485},"End":{"x":0.376594067,"y":2.47418451,"z":3.412299}}],"time":2.45}]}