{"Name":"guides","Keyframes":[{"value":[{"Start":{"x":-10.7879772,"y":12.0310612,"z":-2.955995},"End":{"x":-9.125542,"y":11.2450838,"z":-5.35444975}}],"time":1.35548735},{"value":[{"Start":{"x":-10.7879772,"y":12.0310612,"z":-2.955995},"End":{"x":-9.125542,"y":11.2450838,"z":-5.35444975}}],"time":3.23429561},{"value":[{"Start":{"x":-7.21982956,"y":11.623621,"z":-8.612788},"End":{"x":-9.231879,"y":13.344101,"z":-2.59733677}}],"time":5.48200226}],"SupportedTypes":["System.Collections.Generic.List`1[[_Sample._Sample.Guide, com.needle.timeline-editor-extras, Version=0.0.0.0, Culture=neutral, PublicKeyToken=null]], mscorlib, Version=4.0.0.0, Culture=neutral, PublicKeyToken=b77a5c561934e089"]}